Prueba,Efic,Presión,F(GPM),% SólidosA,% Agua A,Q m3/H,F (t/h),Solidos t/h A,Agua t/h A,Vi (m/s),Do/Dc,Du/Dc,pp (ton/m3),ps (ton/m3),fv,Vh/Vt,um(Kg/m.s),Re,(ps-pf)/pf,(ps-pp)/ps,raiz(P/pp),1/tan(teta/2)),um/uw
2,33.1,3,17.37,28.4,71.6,3.94,4.73,1.34,3.39,0.54,0.3595,0.11,1.2,2.6,0.13,0.44,0.00145,45389.29633,1.17,0.54,1.33,10.39,1.444
3,37.85,3,18.14,20.8,79.2,4.11,4.73,0.98,3.75,0.56,0.3595,0.11,1.15,2.6,0.09,0.56,0.00129,51134.56994,1.26,0.56,1.35,10.39,1.282
12,54.72,3,17.21,25.76,74.24,3.9,4.64,1.2,3.44,0.53,0.3595,0.11,1.19,2.6,0.12,0.47,0.0014,46296.49177,1.19,0.54,1.33,10.39,1.389
14,68.17,3,21.58,5.8,94.2,4.89,5.04,0.29,4.75,0.67,0.3595,0.11,1.03,2.6,0.02,0.87,0.00107,65887.83241,1.52,0.6,1.43,10.39,1.06
20,44.29,3,17.23,30,70,3.91,4.77,1.43,3.34,0.54,0.3595,0.11,1.22,2.6,0.14,0.41,0.0015,44351.55052,1.13,0.53,1.31,10.39,1.49
1,34.28,3.5,18.29,27.47,72.53,4.15,4.98,1.37,3.61,0.57,0.3595,0.11,1.2,2.6,0.13,0.45,0.00143,48370.82912,1.17,0.54,1.43,10.39,1.426
9,50.39,3.5,19.07,25.5,74.5,4.33,5.15,1.31,3.84,0.59,0.3595,0.11,1.19,2.6,0.12,0.48,0.00139,51700.05414,1.19,0.54,1.44,10.39,1.38
11,47.22,3.5,18.25,28.1,71.9,4.14,4.97,1.4,3.57,0.57,0.3595,0.11,1.2,2.6,0.13,0.44,0.00145,47804.9893,1.17,0.54,1.43,10.39,1.44
15,80.8,3.5,20.95,15.4,84.6,4.75,5.23,0.81,4.42,0.65,0.3595,0.11,1.1,2.6,0.07,0.66,0.0012,60931.67514,1.36,0.58,1.49,10.39,1.189
19,41.54,3.5,17.71,33.5,66.5,4.02,5.11,1.71,3.4,0.55,0.3595,0.11,1.27,2.6,0.16,0.35,0.00162,44035.09016,1.05,0.51,1.39,10.39,1.608
6,86.73,4,25.37,8.9,91.1,5.75,6.04,0.54,5.5,0.79,0.3595,0.11,1.05,2.6,0.04,0.8,0.0011,76249.63342,1.48,0.6,1.64,10.39,1.098
10,60.46,4,19.8,27.4,72.6,4.49,5.39,1.48,3.91,0.62,0.3595,0.11,1.2,2.6,0.13,0.45,0.00143,52384.76466,1.17,0.54,1.53,10.39,1.426
13,75.57,4,20.9,22.1,77.9,4.74,5.5,1.22,4.28,0.65,0.3595,0.11,1.16,2.6,0.1,0.54,0.00132,58192.74364,1.24,0.55,1.56,10.39,1.309
21,46.07,4,19.33,28.6,71.4,4.38,5.34,1.53,3.81,0.6,0.3595,0.11,1.22,2.6,0.13,0.43,0.00147,50668.67172,1.13,0.53,1.52,10.39,1.46
8,34.2,5,19.95,34.1,65.9,4.52,5.74,1.96,3.78,0.62,0.3595,0.11,1.27,2.6,0.17,0.35,0.00163,48931.7185,1.05,0.51,1.66,10.39,1.625
18,31.96,5,20.51,33.8,66.2,4.65,5.91,2,3.91,0.64,0.3595,0.11,1.27,2.6,0.17,0.35,0.00163,50614.42942,1.05,0.51,1.66,10.39,1.618
24,29.42,5,20.63,31.4,68.6,4.68,5.76,1.81,3.95,0.64,0.3595,0.11,1.23,2.6,0.15,0.39,0.00154,52162.76784,1.11,0.53,1.69,10.39,1.53
7,25.02,6,22.19,34.2,65.8,5.03,6.39,2.19,4.2,0.69,0.3595,0.11,1.27,2.6,0.17,0.34,0.00164,54346.75705,1.05,0.51,1.82,10.39,1.629
17,36.12,6,23.27,33.6,66.4,5.28,6.71,2.25,4.46,0.72,0.3595,0.11,1.27,2.6,0.16,0.35,0.00162,57765.349,1.05,0.51,1.82,10.39,1.609
4,78.35,6.5,31,12,88,7.03,7.59,0.91,6.68,0.96,0.3595,0.11,1.08,2.6,0.05,0.73,0.00114,92363.30115,1.41,0.58,2.06,10.39,1.139
22,20,7,25.9,28.3,71.7,5.87,7.04,1.99,5.05,0.8,0.3595,0.11,1.2,2.6,0.13,0.44,0.00145,67645.88683,1.17,0.54,2.03,10.39,1.442
5,79.31,7,32.73,11.2,88.8,7.42,8.01,0.9,7.11,1.02,0.3595,0.11,1.08,2.6,0.05,0.75,0.00113,98306.27069,1.41,0.58,2.14,10.39,1.129
16,26.92,7.5,25.23,34.6,65.4,5.72,7.26,2.51,4.75,0.78,0.3595,0.11,1.27,2.6,0.17,0.34,0.00164,61467.83273,1.05,0.51,2.04,10.39,1.636
23,5.62,10.5,32.69,27.3,72.7,7.41,8.89,2.43,6.46,1.02,0.3595,0.11,1.2,2.6,0.13,0.45,0.00143,86576.99807,1.17,0.54,2.48,10.39,1.423
25,52.69857143,6.5,25.18,28.4,71.6,5.71,6.85,1.95,4.9,0.78,0.3595,0.14,1.2,2.6,0.13,0.44,0.00145,65620.4308,1.17,0.54,1.95,10.39,1.446
26,53.03714286,6,24.52,26.5,73.5,5.56,6.62,1.75,4.87,0.76,0.3595,0.14,1.19,2.6,0.12,0.47,0.00141,65499.29743,1.18,0.54,1.88,10.39,1.4
27,56.39428571,8.5,29.43,28.1,71.9,6.67,8,2.25,5.75,0.91,0.3595,0.14,1.2,2.6,0.13,0.44,0.00145,77027.6828,1.17,0.54,2.23,10.39,1.439
28,56.10857143,9,31.19,26.1,73.9,7.07,8.41,2.2,6.21,0.97,0.3595,0.14,1.19,2.6,0.12,0.47,0.0014,83565.45811,1.19,0.54,2.31,10.39,1.394
29,55.25571429,6,25.1,27.1,72.9,5.69,6.83,1.85,4.98,0.78,0.3595,0.14,1.2,2.6,0.13,0.45,0.00142,66740.51004,1.17,0.54,1.87,10.39,1.418
30,58.27,5,23.13,26.2,73.8,5.25,6.25,1.64,4.61,0.72,0.3595,0.14,1.19,2.6,0.12,0.47,0.0014,62013.45646,1.18,0.54,1.72,10.39,1.396
31,58.32,4,20,26.2,73.8,4.54,5.4,1.41,3.99,0.62,0.3595,0.14,1.19,2.6,0.12,0.47,0.0014,53695.22257,1.19,0.54,1.54,10.39,1.393
32,55.04,3,18.75,26.8,73.2,4.25,5.06,1.36,3.7,0.58,0.3595,0.14,1.19,2.6,0.12,0.46,0.00142,49750.61215,1.18,0.54,1.33,10.39,1.409
33,59.13,2,16.54,26.5,73.5,3.75,4.46,1.18,3.28,0.51,0.3595,0.14,1.19,2.6,0.12,0.47,0.00141,44132.2245,1.19,0.54,1.09,10.39,1.4
34,74.82,6.5,27.56,22.5,77.5,6.25,7.25,1.63,5.62,0.86,0.3595,0.14,1.16,2.6,0.1,0.53,0.00132,76408.99,1.24,0.55,1.98,10.39,1.315
35,64.53,5,24.16,23.5,76.5,5.48,6.36,1.49,4.87,0.75,0.3595,0.14,1.16,2.6,0.1,0.52,0.00134,66177.73556,1.24,0.55,1.74,10.39,1.332
36,62.48,4.5,22.54,23.2,76.8,5.11,5.93,1.38,4.55,0.7,0.3595,0.14,1.16,2.6,0.1,0.52,0.00134,61834.75716,1.24,0.55,1.65,10.39,1.329
37,39.79,5,22.58,38,62,5.12,6.66,2.53,4.13,0.7,0.3595,0.14,1.3,2.6,0.19,0.3,0.00177,52319.7143,1,0.5,1.64,10.39,1.764
38,39.52,4.5,18.32,37.9,62.1,4.15,5.4,2.05,3.35,0.57,0.3595,0.14,1.3,2.6,0.19,0.3,0.00177,42431.07938,1,0.5,1.56,10.39,1.763
39,44.34,3,15.32,37.6,62.4,3.47,4.51,1.7,2.81,0.48,0.3595,0.14,1.3,2.6,0.19,0.3,0.00176,35637.59219,1,0.5,1.27,10.39,1.753
40,70.34,10,32.1,20.6,79.4,7.28,8.37,1.72,6.65,1,0.3595,0.14,1.15,2.6,0.09,0.56,0.00128,90708.08763,1.26,0.56,2.47,10.39,1.278
41,70.46,6,25.94,20.8,79.2,5.88,6.76,1.41,5.35,0.81,0.3595,0.14,1.15,2.6,0.09,0.56,0.00129,72968.71652,1.26,0.56,1.92,10.39,1.284
42,70.51,5,23.07,19.2,80.8,5.23,5.96,1.14,4.82,0.72,0.3595,0.14,1.14,2.6,0.08,0.59,0.00126,65926.11767,1.28,0.56,1.76,10.39,1.253
43,83,3,18.47,20.1,79.9,4.19,4.78,0.96,3.82,0.57,0.3595,0.14,1.14,2.6,0.09,0.57,0.00127,52219.93991,1.28,0.56,1.36,10.39,1.268
44,74.25,2.5,16.53,19.5,80.5,3.75,4.28,0.83,3.45,0.51,0.3595,0.14,1.14,2.6,0.09,0.59,0.00126,47166.15834,1.28,0.56,1.24,10.39,1.257
45,41.67,7.5,26.39,32.5,67.5,5.99,7.49,2.43,5.06,0.82,0.3595,0.14,1.25,2.6,0.16,0.37,0.00158,66212.79388,1.08,0.52,2.05,10.39,1.567
46,47.83,6,23.69,32,68,5.37,6.71,2.15,4.56,0.74,0.3595,0.14,1.25,2.6,0.15,0.38,0.00156,59722.18775,1.08,0.52,1.84,10.39,1.557
47,51.19,4.5,20.27,30.1,69.9,4.6,5.61,1.69,3.92,0.63,0.3595,0.14,1.22,2.6,0.14,0.41,0.0015,52054.07878,1.13,0.53,1.61,10.39,1.493
48,55.25,3,16.63,30.9,69.1,3.77,4.64,1.43,3.21,0.52,0.3595,0.14,1.23,2.6,0.15,0.4,0.00152,42416.25399,1.11,0.53,1.31,10.39,1.516
49,58.04428571,2.5,14.98,31.8,68.2,3.4,4.25,1.35,2.9,0.47,0.3595,0.14,1.25,2.6,0.15,0.38,0.00156,37987.48883,1.08,0.52,1.19,10.39,1.55
50,67.00714286,8,29.49,24.1,75.9,6.69,7.89,1.9,5.99,0.92,0.3595,0.14,1.18,2.6,0.11,0.5,0.00136,80950.96021,1.2,0.55,2.18,10.39,1.35
51,72.51285714,7,28.94,21.9,78.1,6.56,7.54,1.65,5.89,0.9,0.3595,0.14,1.15,2.6,0.1,0.54,0.00131,80312.48061,1.26,0.56,2.07,10.39,1.301
52,57.94857143,5.5,24.87,23.1,76.9,5.64,6.54,1.51,5.03,0.77,0.3595,0.14,1.16,2.6,0.1,0.52,0.00133,68378.97726,1.24,0.55,1.83,10.39,1.325
53,59.66142857,5,23.61,24.7,75.3,5.35,6.31,1.56,4.75,0.73,0.3595,0.14,1.18,2.6,0.11,0.49,0.00137,64168.16822,1.2,0.55,1.73,10.39,1.362
54,64.04142857,10,35.11,30.4,69.6,7.96,9.79,2.98,6.81,1.09,0.3595,0.2125,1.23,2.6,0.14,0.4,0.00151,90050.98754,1.11,0.53,2.39,10.39,1.506
55,64.76,10,30.72,30.2,69.8,6.97,8.57,2.59,5.98,0.96,0.3595,0.2125,1.23,2.6,0.14,0.4,0.00151,79103.66595,1.11,0.53,2.39,10.39,1.501
56,77.92857143,7,25.88,29,71,5.87,7.16,2.08,5.08,0.8,0.3595,0.2125,1.22,2.6,0.14,0.42,0.00148,67518.82354,1.13,0.53,2.01,10.39,1.469
57,81.03,7.5,27.49,28.4,71.6,6.23,7.48,2.12,5.36,0.85,0.3595,0.2125,1.2,2.6,0.13,0.44,0.00145,71762.03022,1.17,0.54,2.1,10.39,1.444
58,84.85285714,5.5,23.32,27.8,72.2,5.29,6.35,1.77,4.58,0.72,0.3595,0.2125,1.2,2.6,0.13,0.44,0.00144,61344.38847,1.17,0.54,1.79,10.39,1.434
59,89.95285714,3.5,19.58,24.8,75.2,4.44,5.24,1.3,3.94,0.61,0.3595,0.2125,1.18,2.6,0.11,0.49,0.00137,53211.74198,1.2,0.55,1.44,10.39,1.364
60,90.39714286,2.5,16.48,25.7,74.3,3.74,4.45,1.14,3.31,0.51,0.3595,0.2125,1.19,2.6,0.12,0.48,0.00139,44552.75642,1.19,0.54,1.22,10.39,1.384
61,90.38714286,2.5,15.65,26.7,73.3,3.55,4.22,1.13,3.09,0.49,0.3595,0.2125,1.19,2.6,0.12,0.46,0.00141,41575.77781,1.19,0.54,1.22,10.39,1.406
62,84.72428571,9,32.47,23.9,76.1,7.36,8.68,2.07,6.61,1.01,0.3595,0.2125,1.18,2.6,0.11,0.51,0.00135,89342.94769,1.2,0.55,2.32,10.39,1.346
63,69.8,5,21.96,33.3,66.7,4.98,6.23,2.07,4.16,0.68,0.3595,0.2125,1.25,2.6,0.16,0.36,0.0016,54369.11176,1.08,0.52,1.68,10.39,1.588
64,69.20571429,7.5,26.24,32.2,67.8,5.95,7.44,2.4,5.04,0.82,0.3595,0.2125,1.25,2.6,0.16,0.37,0.00157,65966.50808,1.08,0.52,2.05,10.39,1.563
65,76.20714286,9.5,30.45,28.7,71.3,6.91,8.43,2.42,6.01,0.95,0.3595,0.2125,1.22,2.6,0.13,0.43,0.00147,79899.63419,1.13,0.53,2.34,10.39,1.462
66,48.40571429,14,35.23,33.7,66.3,7.99,10.15,3.42,6.73,1.1,0.3595,0.2125,1.27,2.6,0.16,0.35,0.00162,87163.02068,1.05,0.51,2.78,10.39,1.613
67,65.28571429,14.5,39.76,25.4,74.6,9.02,10.73,2.73,8,1.24,0.3595,0.2125,1.19,2.6,0.12,0.48,0.00139,107701.4686,1.19,0.54,2.93,10.39,1.38
68,78.35,14,39.33,25.7,74.3,8.92,10.61,2.73,7.88,1.22,0.3595,0.2125,1.19,2.6,0.12,0.48,0.00139,106069.516,1.19,0.54,2.88,10.39,1.386
69,84.72,9,32.3,23.6,76.4,7.33,8.5,2.01,6.49,1,0.3595,0.2125,1.16,2.6,0.11,0.51,0.00134,88208.09904,1.24,0.55,2.34,10.39,1.335
70,90.62285714,7,29.6,20.8,79.2,6.71,7.72,1.61,6.11,0.92,0.3595,0.2125,1.15,2.6,0.09,0.56,0.00129,83317.53956,1.26,0.56,2.07,10.39,1.284
71,59.5125,6.5,20.42,40.5,59.5,4.63,6.16,2.49,3.67,0.63,0.2425,0.11,1.33,2.6,0.21,0.26,0.00189,45494.15494,0.95,0.49,1.85,10.39,1.876
72,58.96625,4,16.72,38.4,61.6,3.79,5,1.92,3.08,0.52,0.2425,0.11,1.32,2.6,0.19,0.29,0.0018,38602.76678,0.97,0.49,1.46,10.39,1.795
73,20.1717784,5,19.45,36.4,63.6,4.41,5.64,2.05,3.59,0.6,0.2425,0.11,1.28,2.6,0.18,0.32,0.0017,46119.00344,1.03,0.51,1.66,10.39,1.694
74,27.17486677,4.5,18.23,35.4,64.6,4.13,5.29,1.87,3.42,0.57,0.2425,0.11,1.28,2.6,0.17,0.33,0.00168,43964.40136,1.03,0.51,1.57,10.39,1.667
75,11.07160958,12,34.77,25.2,74.8,7.89,9.31,2.35,6.96,1.08,0.2425,0.11,1.18,2.6,0.11,0.49,0.00138,93981.57578,1.2,0.55,2.67,10.39,1.373
76,8.024866464,8.5,29.55,23,77,6.7,7.77,1.79,5.98,0.92,0.2425,0.11,1.16,2.6,0.1,0.52,0.00133,81292.29803,1.24,0.55,2.27,10.39,1.324
77,60.1137303,2,15.14,19.6,80.4,3.43,3.91,0.77,3.14,0.47,0.2425,0.11,1.14,2.6,0.09,0.58,0.00127,42937.21395,1.28,0.56,1.11,10.39,1.262
78,66.08977366,2,15,18.2,81.8,3.4,3.81,0.69,3.12,0.47,0.2425,0.11,1.12,2.6,0.08,0.61,0.00124,42850.52364,1.32,0.57,1.12,10.39,1.232
79,46.94756911,2.5,14.53,29.9,70.1,3.3,4.03,1.2,2.83,0.45,0.2425,0.14,1.22,2.6,0.14,0.41,0.00149,37568.58015,1.13,0.53,1.2,10.39,1.486
80,44.64591357,2.5,14.5,30.8,69.2,3.29,4.05,1.25,2.8,0.45,0.2425,0.14,1.23,2.6,0.15,0.4,0.00152,36993.53649,1.11,0.53,1.19,10.39,1.517
81,53.40050599,2.5,14.17,28,72,3.21,3.85,1.08,2.77,0.44,0.2425,0.14,1.2,2.6,0.13,0.44,0.00144,37109.37074,1.17,0.54,1.21,10.39,1.437
82,58.68184333,5.5,22.15,27.2,72.8,5.02,6.02,1.64,4.38,0.69,0.2425,0.14,1.2,2.6,0.13,0.45,0.00143,58714.86153,1.17,0.54,1.8,10.39,1.421
83,64.95580574,5.5,24.27,23.4,76.6,5.5,6.38,1.49,4.89,0.75,0.2425,0.14,1.16,2.6,0.1,0.52,0.00134,66461.77462,1.24,0.55,1.83,10.39,1.33
84,70.22318022,6,25.81,20.1,79.9,5.85,6.67,1.34,5.33,0.8,0.2425,0.14,1.14,2.6,0.09,0.57,0.00127,72872.23797,1.28,0.56,1.92,10.39,1.268
85,34.42790554,13.5,34.87,29.6,70.4,7.91,9.65,2.86,6.79,1.08,0.2425,0.14,1.22,2.6,0.14,0.41,0.00149,90190.67724,1.13,0.53,2.79,10.39,1.482
86,53.66414337,8,27.77,26.4,73.6,6.3,7.5,1.98,5.52,0.86,0.2425,0.14,1.19,2.6,0.12,0.47,0.00141,74247.16266,1.18,0.54,2.17,10.39,1.4
87,53.28455543,7,26.74,25,75,6.06,7.15,1.79,5.36,0.83,0.2425,0.14,1.18,2.6,0.11,0.49,0.00138,72387.06834,1.2,0.55,2.04,10.39,1.369
88,54.65433057,6,24.76,24.4,75.6,5.62,6.63,1.62,5.01,0.77,0.2425,0.14,1.18,2.6,0.11,0.5,0.00136,67686.27836,1.2,0.55,1.89,10.39,1.357
89,51.23382507,7,26.1,27.2,72.8,5.92,7.1,1.93,5.17,0.81,0.2425,0.14,1.2,2.6,0.13,0.45,0.00143,69305.19538,1.17,0.54,2.03,10.39,1.419
90,73.29281038,4,20.95,23,77,4.75,5.51,1.27,4.24,0.65,0.2425,0.14,1.16,2.6,0.1,0.52,0.00133,57633.86433,1.24,0.55,1.56,10.39,1.325
91,48.35911369,6,24.04,25,75,5.45,6.43,1.61,4.82,0.75,0.2425,0.14,1.18,2.6,0.11,0.49,0.00138,65095.18873,1.2,0.55,1.89,10.39,1.369
92,65.70725452,3.5,19.35,23.3,76.7,4.39,5.09,1.19,3.9,0.6,0.2425,0.14,1.16,2.6,0.1,0.52,0.00134,53013.6804,1.24,0.55,1.46,10.39,1.33
93,55.28989627,7.5,26.5,24.5,75.5,6.01,7.09,1.74,5.35,0.82,0.2425,0.14,1.18,2.6,0.11,0.5,0.00137,72275.59295,1.2,0.55,2.11,10.39,1.359
94,42.30095159,8,26.56,30.2,69.8,6.02,7.4,2.23,5.17,0.83,0.2425,0.14,1.23,2.6,0.14,0.4,0.00151,68403.30483,1.12,0.53,2.14,10.39,1.499
95,48.3242435,5,21.83,28.8,71.2,4.95,6.04,1.74,4.3,0.68,0.2425,0.14,1.22,2.6,0.14,0.42,0.00147,57155.92799,1.13,0.53,1.7,10.39,1.464
96,70.61521831,3,18.24,23.6,76.4,4.14,4.8,1.13,3.67,0.57,0.2425,0.14,1.16,2.6,0.1,0.52,0.00134,49884.872,1.24,0.55,1.35,10.39,1.333
97,66.71378214,2,14.34,25.6,74.4,3.25,3.87,0.99,2.88,0.45,0.2425,0.14,1.19,2.6,0.12,0.48,0.00139,38754.95211,1.18,0.54,1.09,10.39,1.384
98,87.4628243,1.5,12.46,25.2,74.8,2.83,3.34,0.84,2.5,0.39,0.2425,0.14,1.18,2.6,0.11,0.49,0.00138,33757.06227,1.2,0.55,0.95,10.39,1.371
99,56.06834921,6,24.63,24.6,75.4,5.59,6.6,1.62,4.98,0.77,0.2425,0.14,1.18,2.6,0.11,0.49,0.00137,67257.99226,1.2,0.55,1.89,10.39,1.36
100,65.73564743,8.5,29.89,21.9,78.1,6.78,7.8,1.71,6.09,0.93,0.2425,0.14,1.15,2.6,0.1,0.54,0.00131,83016.76244,1.26,0.56,2.28,10.39,1.302
101,78.40252052,7,27.44,23.4,76.6,6.22,7.22,1.69,5.53,0.85,0.2425,0.14,1.16,2.6,0.1,0.52,0.00134,75143.1231,1.24,0.55,2.06,10.39,1.331
102,92.29211871,3,18.98,15,85,4.3,4.73,0.71,4.02,0.59,0.2425,0.14,1.1,2.6,0.06,0.67,0.00119,55427.37148,1.36,0.58,1.38,10.39,1.182
103,88.64311172,1.5,12.85,15.3,84.7,2.91,3.2,0.49,2.71,0.4,0.2425,0.14,1.1,2.6,0.06,0.67,0.00119,37367.21222,1.36,0.58,0.98,10.39,1.186
104,84.52988184,7.5,26.43,30.3,69.7,5.99,7.37,2.23,5.14,0.82,0.2425,0.2125,1.23,2.6,0.14,0.4,0.00151,67968.26996,1.11,0.53,2.07,10.39,1.502
105,92.57328338,3,15.93,28.3,71.7,3.61,4.33,1.23,3.1,0.49,0.2425,0.2125,1.2,2.6,0.13,0.44,0.00145,41519.55379,1.17,0.54,1.33,10.39,1.445
106,91.4534939,2,14.97,26.1,73.9,3.4,4.05,1.06,2.99,0.47,0.2425,0.2125,1.19,2.6,0.12,0.47,0.0014,40214.25823,1.18,0.54,1.09,10.39,1.395
107,78.89880221,12.5,32.89,30.7,69.3,7.46,9.18,2.82,6.36,1.02,0.2425,0.2125,1.23,2.6,0.15,0.4,0.00152,84054.97428,1.11,0.53,2.67,10.39,1.513
108,92.57135378,4,19.57,26.6,73.4,4.44,5.28,1.4,3.88,0.61,0.2425,0.2125,1.19,2.6,0.12,0.46,0.00141,52205.7368,1.19,0.54,1.54,10.39,1.401
109,77.77073511,11,30.32,32.6,67.4,6.88,8.6,2.8,5.8,0.94,0.2425,0.2125,1.25,2.6,0.16,0.37,0.00158,75898.35814,1.08,0.52,2.49,10.39,1.57
110,83.87489007,5.5,21.18,33.3,66.7,4.8,6,2,4,0.66,0.2425,0.2125,1.25,2.6,0.16,0.36,0.0016,52293.80746,1.08,0.52,1.76,10.39,1.59
111,90.53763697,2.5,14.23,31.6,68.4,3.23,3.97,1.25,2.72,0.44,0.2425,0.2125,1.23,2.6,0.15,0.39,0.00154,35941.33144,1.12,0.53,1.2,10.39,1.53
112,90.37357837,2.5,14.44,31.6,68.4,3.27,4.02,1.27,2.75,0.45,0.2425,0.2125,1.23,2.6,0.15,0.39,0.00154,36330.35864,1.11,0.53,1.2,10.39,1.533
113,90.39359299,3,16.84,30,70,3.82,4.66,1.4,3.26,0.52,0.2425,0.2125,1.22,2.6,0.14,0.41,0.0015,43287.64521,1.13,0.53,1.31,10.39,1.492
114,14.01766925,12,31.89,30.5,69.5,7.23,8.89,2.71,6.18,0.99,0.17975,0.11,1.23,2.6,0.14,0.4,0.00151,81725.93335,1.11,0.53,2.62,10.39,1.507
115,16.24664169,10,28.94,31,69,6.56,8.07,2.5,5.57,0.9,0.17975,0.11,1.23,2.6,0.15,0.39,0.00153,73605.6548,1.11,0.53,2.39,10.39,1.519
116,47.37766703,8,27.51,29.5,70.5,6.24,7.61,2.24,5.37,0.86,0.17975,0.11,1.22,2.6,0.14,0.42,0.00149,71353.22513,1.13,0.53,2.15,10.39,1.478
117,47.7500486,7.5,26.3,26.9,73.1,5.96,7.09,1.91,5.18,0.82,0.17975,0.11,1.19,2.6,0.12,0.46,0.00142,69670.56439,1.19,0.54,2.11,10.39,1.41
118,47.44103698,6,23.37,26.7,73.3,5.3,6.31,1.68,4.63,0.73,0.17975,0.11,1.19,2.6,0.12,0.46,0.00141,62265.621,1.18,0.54,1.88,10.39,1.404
119,56.48259347,4.5,20.16,25.4,74.6,4.57,5.44,1.38,4.06,0.63,0.17975,0.11,1.19,2.6,0.12,0.48,0.00139,54648.23822,1.18,0.54,1.63,10.39,1.379
120,79.39239365,2,14.22,22.5,77.5,3.23,3.75,0.84,2.91,0.44,0.17975,0.11,1.16,2.6,0.1,0.53,0.00132,39555.35853,1.24,0.55,1.1,10.39,1.314
121,43.25331406,4,17.06,32.9,67.1,3.87,4.84,1.59,3.25,0.53,0.17975,0.11,1.25,2.6,0.16,0.37,0.00159,42502.11946,1.08,0.52,1.5,10.39,1.578
122,13.18194731,10,29.02,30.4,69.6,6.58,8.09,2.46,5.63,0.9,0.17975,0.11,1.23,2.6,0.14,0.4,0.00151,74461.6332,1.11,0.53,2.39,10.39,1.505
123,13.20029631,10.5,29.8,29.2,70.8,6.76,8.25,2.41,5.84,0.93,0.17975,0.11,1.22,2.6,0.14,0.42,0.00148,77590.06522,1.13,0.53,2.46,10.39,1.473
124,11.20822349,10,29.52,27.2,72.8,6.7,8.04,2.19,5.85,0.92,0.17975,0.11,1.2,2.6,0.13,0.45,0.00143,78400.21933,1.17,0.54,2.42,10.39,1.421
125,13.55734629,9.5,28.86,30.4,69.6,6.55,8.06,2.45,5.61,0.9,0.17975,0.11,1.23,2.6,0.14,0.4,0.00151,74168.27052,1.11,0.53,2.33,10.39,1.506
126,32.86603074,5,18.74,34.6,65.4,4.25,5.4,1.87,3.53,0.58,0.17975,0.11,1.27,2.6,0.17,0.34,0.00165,45648.08613,1.05,0.51,1.66,10.39,1.639
127,36.71271382,6.5,22.14,32.8,67.2,5.02,6.28,2.06,4.22,0.69,0.17975,0.11,1.25,2.6,0.16,0.37,0.00158,55182.54763,1.08,0.52,1.91,10.39,1.577
128,22.55418405,7.5,25.66,27.4,72.6,5.82,6.98,1.91,5.07,0.8,0.17975,0.11,1.2,2.6,0.13,0.45,0.00143,67956.1139,1.17,0.54,2.1,10.39,1.423
129,40.08303434,5,19.9,30.3,69.7,4.51,5.55,1.68,3.87,0.62,0.17975,0.11,1.23,2.6,0.14,0.4,0.00151,51169.72839,1.11,0.53,1.69,10.39,1.503
130,24.10099982,10,31.39,23.8,76.2,7.12,8.4,2,6.4,0.98,0.17975,0.11,1.18,2.6,0.11,0.51,0.00135,86496.27991,1.2,0.55,2.44,10.39,1.346
131,58.64599803,8.5,26.66,29.9,70.1,6.05,7.38,2.21,5.17,0.83,0.17975,0.14,1.22,2.6,0.14,0.41,0.0015,68656.90406,1.13,0.53,2.21,10.39,1.489
132,67.23850361,6.5,24.137,28.1,71.9,5.47,6.56,1.84,4.72,0.75,0.17975,0.14,1.2,2.6,0.13,0.44,0.00144,63235.76339,1.17,0.54,1.95,10.39,1.437
133,77.29419061,3.5,18.46,26,74,4.19,4.99,1.3,3.69,0.57,0.17975,0.14,1.19,2.6,0.12,0.47,0.0014,49636.69318,1.18,0.54,1.44,10.39,1.393
134,84.50609857,2.5,14.97,23.9,76.1,3.4,4.01,0.96,3.05,0.47,0.17975,0.14,1.18,2.6,0.11,0.5,0.00135,41221.78304,1.2,0.55,1.22,10.39,1.348
135,84.25913223,1.5,11.16,22.4,77.6,2.53,2.93,0.66,2.27,0.35,0.17975,0.14,1.16,2.6,0.1,0.53,0.00132,30877.30695,1.25,0.55,0.95,10.39,1.315
136,71.49495987,10,31.09,24.5,75.5,7.05,8.32,2.04,6.28,0.97,0.17975,0.14,1.18,2.6,0.11,0.5,0.00137,84829.72079,1.2,0.55,2.44,10.39,1.359
137,62.56936492,9,28.21,26.6,73.4,6.4,7.62,2.03,5.59,0.88,0.17975,0.14,1.19,2.6,0.12,0.46,0.00141,75173.82635,1.18,0.54,2.31,10.39,1.404
138,74.8879232,7,25.72,25,75,5.83,6.88,1.72,5.16,0.8,0.17975,0.14,1.18,2.6,0.11,0.49,0.00137,69682.58518,1.2,0.55,2.04,10.39,1.368
139,67.18816067,7,26.03,25.8,74.2,5.9,7.02,1.81,5.21,0.81,0.17975,0.14,1.19,2.6,0.12,0.47,0.00139,70119.3802,1.19,0.54,2.03,10.39,1.387
140,73.43674429,6.5,24.48,25.6,74.4,5.55,6.6,1.69,4.91,0.76,0.17975,0.14,1.19,2.6,0.12,0.48,0.00139,66102.40542,1.19,0.54,1.96,10.39,1.383
141,78.41696895,6.5,25.07,24.3,75.7,5.69,6.71,1.63,5.08,0.78,0.17975,0.14,1.18,2.6,0.11,0.5,0.00136,68646.53685,1.2,0.55,1.97,10.39,1.354
142,51.55535137,9.5,28.94,28.2,71.8,6.56,7.87,2.22,5.65,0.9,0.17975,0.14,1.2,2.6,0.13,0.44,0.00145,75676.18696,1.17,0.54,2.36,10.39,1.441
143,75.31528888,6,23.59,24.4,75.6,5.35,6.31,1.54,4.77,0.73,0.17975,0.14,1.18,2.6,0.11,0.5,0.00136,64449.97809,1.2,0.55,1.89,10.39,1.356
144,81.6445427,4.5,20.31,24.6,75.4,4.61,5.44,1.34,4.1,0.63,0.17975,0.14,1.18,2.6,0.11,0.49,0.00137,55380.41104,1.2,0.55,1.64,10.39,1.361
145,72.31469861,4.5,20.57,24.3,,4.67,5.51,1.34,4.17,0.64,0.17975,0.14,1.18,2.6,0.11,0.5,0.00136,56338.95328,1.2,0.55,1.64,10.39,1.355